日付,場,レース,枠番,選手情報,当地勝率,当地2連対率,モーター2連対率,着順
2026-05-03,平和島,第6R,1号艇,4113 / B1 木村 浩士 群馬/群馬 45歳/55.7kg,42.35,60.00,55.7,-
2026-05-03,平和島,第7R,4号艇,3826 / A2 村田 修次 東京/東京 52歳/52.0kg,34.29,54.29,52.0,-
2026-05-03,平和島,第8R,3号艇,4211 / B1 村田 敦 東京/神奈川 42歳/60.5kg,39.36,60.11,60.5,-
2026-05-03,平和島,第8R,4号艇,4414 / B1 大澤 真菜 東京/埼玉 39歳/45.5kg,36.31,51.96,45.5,-
2026-05-03,平和島,第8R,2号艇,3590 / A1 濱野谷 憲吾 東京/東京 52歳/54.8kg,38.55,52.51,54.8,-
2026-05-03,平和島,第9R,6号艇,5153 / B1 佐藤 ほのか 東京/東京 30歳/47.2kg,45.98,58.05,47.2,-
2026-05-03,平和島,第10R,2号艇,4953 / A1 尾上 雅也 埼玉/埼玉 31歳/52.0kg,42.48,54.90,52.0,-
2026-05-03,平和島,第10R,4号艇,4893 / B1 渡邉 真奈美 東京/千葉 35歳/47.0kg,35.29,53.48,47.0,-
2026-05-03,平和島,第10R,5号艇,4274 / B1 長畑 友輔 東京/東京 43歳/51.5kg,36.78,54.02,51.5,-
2026-05-03,平和島,第11R,5号艇,3826 / A2 村田 修次 東京/東京 52歳/52.0kg,34.29,54.29,52.0,-
2026-05-03,平和島,第11R,3号艇,4505 / A2 島田 賢人 埼玉/埼玉 38歳/53.4kg,44.85,61.86,53.4,-
2026-05-03,平和島,第11R,4号艇,3505 / B1 山田 竜一 東京/東京 55歳/53.3kg,41.53,57.92,53.3,-
2026-05-03,平和島,第11R,2号艇,4059 / A2 入澤 友治 東京/東京 47歳/53.3kg,36.36,54.55,53.3,-
2026-05-03,平和島,第12R,4号艇,3613 / A1 角谷 健吾 東京/東京 53歳/51.0kg,32.77,50.28,51.0,-
2026-05-03,平和島,第12R,6号艇,4939 / A1 宮之原 輝紀 東京/東京 28歳/52.0kg,38.55,53.07,52.0,-
2026-05-03,平和島,第12R,1号艇,4702 / A1 三浦 敬太 東京/北海道 38歳/52.1kg,30.39,44.20,52.1,-
2026-05-03,平和島,第12R,3号艇,3978 / A1 齊藤 仁 東京/東京 48歳/50.5kg,36.08,58.25,50.5,-
2026-05-03,浜名湖,第5R,1号艇,4076 / A2 杉田 篤光 静岡/静岡 47歳/52.4kg,40.71,51.43,52.4,-
2026-05-03,浜名湖,第6R,6号艇,3959 / A1 坪井 康晴 静岡/静岡 48歳/52.3kg,40.58,63.04,52.3,-
2026-05-03,浜名湖,第7R,3号艇,4131 / A2 原 豊土 静岡/愛知 45歳/55.0kg,44.53,56.93,55.0,-
2026-05-03,浜名湖,第7R,2号艇,4840 / B1 鈴木 秀茉 静岡/静岡 34歳/52.0kg,34.53,50.36,52.0,-
2026-05-03,浜名湖,第8R,2号艇,3156 / B1 金子 良昭 静岡/静岡 61歳/53.7kg,31.39,45.99,53.7,-
2026-05-03,浜名湖,第8R,5号艇,3960 / A1 菊地 孝平 静岡/岩手 47歳/53.4kg,38.46,50.00,53.4,-
2026-05-03,浜名湖,第8R,1号艇,4216 / B1 星 栄爾 静岡/福島 41歳/54.8kg,34.59,51.13,54.8,-
2026-05-03,浜名湖,第9R,6号艇,3995 / A1 重野 哲之 静岡/静岡 47歳/54.5kg,33.09,47.79,54.5,-
2026-05-03,浜名湖,第9R,4号艇,4933 / A1 板橋 侑我 静岡/静岡 29歳/52.5kg,39.57,58.27,52.5,-
2026-05-03,浜名湖,第9R,1号艇,4740 / B1 齋藤 達希 静岡/静岡 34歳/52.8kg,37.86,48.57,52.8,-
2026-05-03,浜名湖,第10R,4号艇,4207 / A2 松下 一也 静岡/静岡 43歳/52.5kg,38.06,54.48,52.5,-
2026-05-03,浜名湖,第10R,6号艇,3518 / B1 倉田 郁美 静岡/愛知 58歳/48.6kg,28.68,40.31,48.6,-
2026-05-03,浜名湖,第10R,2号艇,3959 / A1 坪井 康晴 静岡/静岡 48歳/52.3kg,40.58,63.04,52.3,-
2026-05-03,浜名湖,第11R,5号艇,4124 / A1 池田 雄一 静岡/静岡 44歳/52.3kg,33.86,55.12,52.3,-
2026-05-03,浜名湖,第11R,3号艇,4524 / A1 深谷 知博 静岡/静岡 38歳/52.0kg,29.71,42.75,52.0,-
2026-05-03,浜名湖,第12R,4号艇,4494 / A1 河合 佑樹 静岡/静岡 39歳/52.0kg,38.52,56.30,52.0,-
2026-05-03,浜名湖,第12R,6号艇,3422 / A1 服部 幸男 静岡/静岡 55歳/54.9kg,34.65,55.91,54.9,-
2026-05-03,浜名湖,第12R,2号艇,3956 / A1 横澤 剛治 静岡/静岡 48歳/54.9kg,31.82,50.76,54.9,-
2026-05-03,蒲郡,第1R,3号艇,4442 / B1 松竹 大輔 愛知/愛知 39歳/52.2kg,38.30,54.61,52.2,-
2026-05-03,蒲郡,第1R,6号艇,4786 / A1 佐藤 博亮 愛知/愛知 38歳/52.6kg,41.95,59.20,52.6,-
2026-05-03,蒲郡,第1R,1号艇,5262 / B1 鈴木 章司 愛知/愛知 28歳/53.1kg,38.86,58.55,53.1,-
2026-05-03,蒲郡,第1R,5号艇,3776 / B1 横井 健太 愛知/愛知 50歳/57.2kg,35.04,50.36,57.2,-
2026-05-03,蒲郡,第2R,3号艇,4604 / A1 岩瀬 裕亮 愛知/愛知 37歳/52.0kg,33.71,54.29,52.0,-
2026-05-03,蒲郡,第2R,4号艇,5082 / B1 一色 凌雅 愛知/愛知 27歳/57.3kg,33.33,48.43,57.3,-
2026-05-03,蒲郡,第2R,1号艇,5127 / B1 沼田 大都 愛知/広島 29歳/51.0kg,35.71,49.29,51.0,-
2026-05-03,蒲郡,第3R,4号艇,4306 / A2 畔柳 俊吾 愛知/愛知 42歳/52.0kg,30.82,51.57,52.0,-
2026-05-03,蒲郡,第3R,5号艇,4035 / B1 杉江 浩明 愛知/愛知 47歳/51.5kg,34.83,58.43,51.5,-
2026-05-03,蒲郡,第3R,2号艇,4483 / A1 北野 輝季 愛知/愛知 37歳/52.5kg,38.29,53.14,52.5,-
2026-05-03,蒲郡,第4R,6号艇,4074 / A1 柳沢 一 愛知/愛知 45歳/52.0kg,36.67,52.22,52.0,-
2026-05-03,蒲郡,第4R,4号艇,4989 / A2 石原 翼 静岡/静岡 28歳/52.0kg,45.51,61.80,52.0,-
2026-05-03,蒲郡,第4R,2号艇,5441 / B2 鈴木 雄登 愛知/愛知 20歳/50.0kg,37.74,53.46,50.0,-
2026-05-03,蒲郡,第4R,5号艇,3967 / B1 鈴木 茂高 愛知/愛知 46歳/56.5kg,40.88,61.33,56.5,-
2026-05-03,蒲郡,第5R,5号艇,4293 / A2 鈴木 智啓 愛知/愛知 40歳/58.5kg,30.43,42.75,58.5,-
2026-05-03,蒲郡,第5R,3号艇,5137 / B1 川原 涼 愛知/愛知 26歳/53.2kg,34.94,52.41,53.2,-
2026-05-03,蒲郡,第5R,1号艇,3455 / B1 谷本 幸司 愛知/愛知 55歳/51.5kg,34.08,48.04,51.5,-
2026-05-03,蒲郡,第5R,2号艇,3713 / A2 伊藤 誠二 愛知/愛知 51歳/52.5kg,32.03,43.79,52.5,-
2026-05-03,蒲郡,第6R,4号艇,4681 / B1 太田 潮 愛知/愛知 35歳/52.0kg,39.20,56.25,52.0,-
2026-05-03,蒲郡,第6R,1号艇,4084 / A1 杉山 正樹 愛知/愛知 46歳/52.0kg,39.77,60.23,52.0,-
2026-05-03,蒲郡,第6R,2号艇,3776 / B1 横井 健太 愛知/愛知 50歳/57.2kg,35.04,50.36,57.2,-
2026-05-03,蒲郡,第6R,6号艇,4910 / A1 中村 泰平 愛知/愛知 30歳/51.0kg,28.22,45.40,51.0,-
2026-05-03,蒲郡,第7R,3号艇,5061 / B1 中村 駿平 愛知/愛知 28歳/52.2kg,33.14,48.84,52.2,-
2026-05-03,蒲郡,第7R,2号艇,4409 / A2 坂元 浩仁 愛知/愛知 40歳/53.5kg,33.33,52.29,53.5,-
2026-05-03,蒲郡,第7R,1号艇,5262 / B1 鈴木 章司 愛知/愛知 28歳/53.1kg,38.86,58.55,53.1,-
2026-05-03,蒲郡,第8R,4号艇,5345 / B1 牧村 俊輝 愛知/岐阜 22歳/52.1kg,31.94,45.83,52.1,-
2026-05-03,蒲郡,第8R,3号艇,3642 / B1 大塚 浩二 静岡/静岡 54歳/52.0kg,32.53,53.01,52.0,-
2026-05-03,蒲郡,第8R,2号艇,4960 / A1 黒野 元基 愛知/愛知 29歳/52.0kg,34.59,47.17,52.0,-
2026-05-03,蒲郡,第8R,1号艇,4527 / B1 高野 心吾 愛知/愛知 37歳/51.5kg,38.79,59.39,51.5,-
2026-05-03,蒲郡,第9R,4号艇,5319 / B1 近藤 颯斗 愛知/愛知 24歳/52.0kg,36.78,55.17,52.0,-
2026-05-03,蒲郡,第9R,1号艇,5211 / B1 高井 駿弥 愛知/愛知 27歳/50.5kg,35.63,59.77,50.5,-
2026-05-03,蒲郡,第9R,6号艇,4035 / B1 杉江 浩明 愛知/愛知 47歳/51.5kg,34.83,58.43,51.5,-
2026-05-03,蒲郡,第9R,5号艇,4067 / A1 永井 源 愛知/福岡 46歳/52.4kg,28.48,45.03,52.4,-
2026-05-03,蒲郡,第10R,3号艇,4786 / A1 佐藤 博亮 愛知/愛知 38歳/52.6kg,41.95,59.20,52.6,-
2026-05-03,蒲郡,第10R,1号艇,3988 / A2 古川 誠之 愛知/愛知 47歳/52.7kg,34.48,52.87,52.7,-
2026-05-03,蒲郡,第10R,5号艇,4681 / B1 太田 潮 愛知/愛知 35歳/51.5kg,39.20,56.25,51.5,-
2026-05-03,蒲郡,第10R,2号艇,3455 / B1 谷本 幸司 愛知/愛知 55歳/51.5kg,34.08,48.04,51.5,-
2026-05-03,蒲郡,第11R,2号艇,4483 / A1 北野 輝季 愛知/愛知 37歳/52.5kg,38.29,53.14,52.5,-
2026-05-03,蒲郡,第11R,4号艇,3967 / B1 鈴木 茂高 愛知/愛知 46歳/56.5kg,40.88,61.33,56.5,-
2026-05-03,蒲郡,第11R,6号艇,4293 / A2 鈴木 智啓 愛知/愛知 40歳/58.5kg,30.43,42.75,58.5,-
2026-05-03,蒲郡,第12R,2号艇,4084 / A1 杉山 正樹 愛知/愛知 46歳/52.0kg,39.77,60.23,52.0,-
2026-05-03,蒲郡,第12R,1号艇,4914 / A1 吉田 裕平 愛知/愛知 29歳/52.0kg,37.28,58.58,52.0,-
2026-05-03,蒲郡,第12R,4号艇,4850 / A1 野中 一平 愛知/岐阜 31歳/52.0kg,35.96,61.24,52.0,-
2026-05-03,常滑,第5R,6号艇,4228 / A2 吉田 慎二郎 愛知/岐阜 43歳/55.4kg,30.41,45.03,55.4,-
2026-05-03,常滑,第6R,4号艇,4327 / B1 加藤 翔 静岡/静岡 42歳/52.3kg,35.96,53.20,52.3,-
2026-05-03,常滑,第6R,3号艇,4467 / A2 渡邉 俊介 愛知/岐阜 39歳/51.0kg,35.15,51.49,51.0,-
2026-05-03,常滑,第7R,1号艇,4457 / B1 神田 達也 愛知/愛知 40歳/52.4kg,36.32,48.76,52.4,-
2026-05-03,常滑,第7R,2号艇,3554 / A1 仲口 博崇 愛知/愛知 53歳/52.0kg,38.97,56.92,52.0,-
2026-05-03,常滑,第8R,6号艇,4215 / A2 吉島 祥之 愛知/愛知 41歳/53.8kg,35.71,50.00,53.8,-
2026-05-03,常滑,第8R,5号艇,5178 / B1 成貞 琳平 愛知/岡山 29歳/52.8kg,35.29,48.66,52.8,-
2026-05-03,常滑,第9R,3号艇,3362 / B1 間嶋 仁志 三重/大阪 56歳/54.5kg,43.81,63.33,54.5,-
2026-05-03,常滑,第9R,1号艇,3848 / A2 川上 聡介 愛知/愛知 48歳/55.4kg,36.45,54.67,55.4,-
2026-05-03,常滑,第10R,5号艇,5300 / B1 横田 海人 愛知/愛知 23歳/52.0kg,28.71,47.03,52.0,-
2026-05-03,常滑,第10R,6号艇,4308 / A1 河村 了 愛知/愛知 42歳/52.0kg,36.41,53.85,52.0,-
2026-05-03,常滑,第10R,3号艇,4630 / A2 岩永 雅人 愛知/愛知 39歳/52.0kg,40.84,58.64,52.0,-
2026-05-03,常滑,第11R,6号艇,4197 / B1 渥美 卓郎 静岡/静岡 43歳/54.5kg,29.47,47.37,54.5,-
2026-05-03,常滑,第11R,1号艇,4118 / A1 宇佐見 淳 愛知/愛知 45歳/52.0kg,37.04,53.70,52.0,-
2026-05-03,常滑,第12R,5号艇,3554 / A1 仲口 博崇 愛知/愛知 53歳/52.0kg,38.97,56.92,52.0,-
2026-05-03,常滑,第12R,4号艇,3946 / A1 赤岩 善生 愛知/愛知 50歳/56.5kg,36.54,50.48,56.5,-
2026-05-03,常滑,第12R,1号艇,4586 / A1 磯部 誠 愛知/愛知 35歳/53.7kg,33.51,47.94,53.7,-
2026-05-03,常滑,第12R,6号艇,4903 / A1 吉田 凌太朗 愛知/愛知 32歳/52.0kg,37.24,47.96,52.0,-
2026-05-03,常滑,第12R,2号艇,5196 / A1 鰐部 太空海 愛知/愛知 24歳/53.4kg,29.94,46.71,53.4,-
2026-05-03,津,第1R,2号艇,3392 / B1 小森 信雄 三重/三重 60歳/51.5kg,35.71,50.00,51.5,-
2026-05-03,津,第1R,4号艇,4623 / B1 中北 将史 三重/三重 41歳/52.1kg,43.10,67.24,52.1,-
2026-05-03,津,第1R,1号艇,5245 / B1 倉富 大誠 愛知/愛知 24歳/52.1kg,59.57,78.72,52.1,-
2026-05-03,津,第2R,3号艇,4796 / A2 春園 功太 三重/三重 34歳/52.5kg,31.58,40.35,52.5,-
2026-05-03,津,第2R,4号艇,3712 / B1 淺香 文武 三重/三重 51歳/54.2kg,49.06,67.92,54.2,-
2026-05-03,津,第2R,2号艇,3968 / A2 茶谷 信次 滋賀/滋賀 49歳/52.0kg,27.78,42.59,52.0,-
2026-05-03,津,第2R,1号艇,5430 / B2 鳥本 智史 三重/三重 22歳/51.5kg,47.27,65.45,51.5,-
2026-05-03,津,第3R,3号艇,4466 / A2 南 佑典 三重/三重 39歳/51.0kg,40.91,65.15,51.0,-
2026-05-03,津,第3R,1号艇,3687 / B1 花田 和明 愛知/愛知 56歳/52.6kg,27.87,42.62,52.6,-
2026-05-03,津,第3R,4号艇,5275 / A2 松田 淳平 三重/三重 24歳/52.0kg,30.51,49.15,52.0,-
2026-05-03,津,第4R,5号艇,4181 / B1 花本 夏樹 三重/三重 42歳/53.0kg,27.27,43.64,53.0,-
2026-05-03,津,第4R,3号艇,4261 / A1 岡 祐臣 三重/三重 42歳/54.7kg,35.09,54.39,54.7,-
2026-05-03,津,第4R,4号艇,5130 / B1 上野 拓馬 三重/三重 28歳/52.0kg,38.98,59.32,52.0,-
2026-05-03,津,第4R,6号艇,4227 / A2 安達 裕樹 三重/三重 43歳/52.0kg,32.65,57.14,52.0,-
2026-05-03,津,第4R,2号艇,4824 / A1 松井 洪弥 三重/三重 33歳/52.0kg,39.06,62.50,52.0,-
2026-05-03,津,第5R,5号艇,5075 / A2 中島 秀治 滋賀/京都 30歳/52.4kg,32.08,50.94,52.4,-
2026-05-03,津,第5R,3号艇,3268 / B1 森 竜也 三重/三重 60歳/52.8kg,33.33,43.48,52.8,-
2026-05-03,津,第5R,1号艇,4182 / B1 吉田 和仁 滋賀/京都 42歳/54.8kg,35.42,56.25,54.8,-
2026-05-03,津,第6R,2号艇,5354 / B2 渡邊 雄斗 三重/宮崎 21歳/50.5kg,45.16,64.52,50.5,-
2026-05-03,津,第6R,6号艇,3984 / A2 坂口 周 三重/三重 48歳/52.4kg,31.91,51.06,52.4,-
2026-05-03,津,第6R,4号艇,3831 / B1 安藤 裕貴 愛知/愛知 51歳/52.4kg,29.79,46.81,52.4,-
2026-05-03,津,第6R,1号艇,4754 / A1 松尾 充 三重/三重 37歳/52.0kg,35.00,41.67,52.0,-
2026-05-03,津,第6R,5号艇,4856 / A1 豊田 健士郎 三重/三重 30歳/52.0kg,53.70,66.67,52.0,-
2026-05-03,津,第7R,6号艇,4625 / B1 渡邊 裕貴 静岡/静岡 40歳/53.0kg,36.36,52.73,53.0,-
2026-05-03,津,第7R,1号艇,5010 / A2 宇留田 翔平 三重/三重 29歳/52.0kg,39.62,50.94,52.0,-
2026-05-03,津,第7R,4号艇,4344 / A1 新田 雄史 三重/三重 41歳/52.4kg,27.91,48.84,52.4,-
2026-05-03,津,第7R,3号艇,4796 / A2 春園 功太 三重/三重 34歳/52.5kg,31.58,40.35,52.5,-
2026-05-03,津,第8R,4号艇,5266 / B1 石田 勇斗 愛知/愛知 25歳/52.7kg,31.25,50.00,52.7,-
2026-05-03,津,第8R,1号艇,3842 / B1 星野 太郎 三重/三重 49歳/52.5kg,30.77,35.90,52.5,-
2026-05-03,津,第8R,5号艇,4824 / A1 松井 洪弥 三重/三重 33歳/52.0kg,39.06,62.50,52.0,-
2026-05-03,津,第9R,3号艇,5130 / B1 上野 拓馬 三重/三重 28歳/52.0kg,38.98,59.32,52.0,-
2026-05-03,津,第9R,6号艇,5275 / A2 松田 淳平 三重/三重 24歳/52.0kg,30.51,49.15,52.0,-
2026-05-03,津,第9R,2号艇,4618 / B1 乃村 康友 三重/香川 43歳/53.3kg,46.94,67.35,53.3,-
2026-05-03,津,第9R,1号艇,5383 / B2 中村 楓 三重/三重 21歳/52.5kg,36.36,49.09,52.5,-
2026-05-03,津,第9R,5号艇,4579 / A1 中嶋 健一郎 三重/三重 36歳/52.0kg,29.09,45.45,52.0,-
2026-05-03,津,第10R,2号艇,5098 / B1 大江 純 愛知/愛知 30歳/52.4kg,40.00,60.00,52.4,-
2026-05-03,津,第10R,1号艇,4856 / A1 豊田 健士郎 三重/三重 30歳/52.0kg,53.70,66.67,52.0,-
2026-05-03,津,第10R,3号艇,4081 / B1 樋口 範政 愛知/愛知 47歳/53.8kg,30.19,41.51,53.8,-
2026-05-03,津,第10R,5号艇,4182 / B1 吉田 和仁 滋賀/京都 42歳/54.8kg,35.42,56.25,54.8,-
2026-05-03,津,第11R,5号艇,5256 / A1 中山 翔太 三重/三重 22歳/51.5kg,41.30,54.35,51.5,-
2026-05-03,津,第11R,1号艇,4227 / A2 安達 裕樹 三重/三重 43歳/52.0kg,32.65,57.14,52.0,-
2026-05-03,津,第11R,2号艇,5075 / A2 中島 秀治 滋賀/京都 30歳/52.4kg,32.08,50.94,52.4,-
2026-05-03,津,第11R,3号艇,4623 / B1 中北 将史 三重/三重 41歳/52.1kg,43.10,67.24,52.1,-
2026-05-03,津,第12R,4号艇,4344 / A1 新田 雄史 三重/三重 41歳/52.4kg,27.91,48.84,52.4,-
2026-05-03,津,第12R,3号艇,4962 / A2 畑 竜生 三重/三重 29歳/52.0kg,45.65,56.52,52.0,-
2026-05-03,津,第12R,5号艇,4073 / A2 大橋 純一郎 静岡/静岡 45歳/52.1kg,34.55,47.27,52.1,-
2026-05-03,津,第12R,2号艇,3984 / A2 坂口 周 三重/三重 48歳/52.4kg,31.91,51.06,52.4,-
2026-05-03,三国,第1R,6号艇,3891 / B1 谷口 健一 福井/福井 50歳/54.7kg,19.35,41.94,54.7,-
2026-05-03,三国,第1R,5号艇,3620 / B1 信濃 由行 福井/石川 52歳/54.3kg,44.12,55.88,54.3,-
2026-05-03,三国,第1R,2号艇,5355 / B1 萩原 丈太朗 福井/福井 21歳/54.9kg,40.74,51.85,54.9,-
2026-05-03,三国,第1R,3号艇,4139 / B1 丹下 健 愛知/愛知 45歳/54.0kg,25.93,48.15,54.0,-
2026-05-03,三国,第2R,3号艇,3833 / A1 中辻 博訓 福井/福井 51歳/52.8kg,43.75,65.63,52.8,-
2026-05-03,三国,第2R,1号艇,4664 / B1 東口 晃 福井/石川 42歳/52.0kg,37.14,42.86,52.0,-
2026-05-03,三国,第2R,6号艇,4176 / B1 樋口 喜彦 兵庫/大阪 43歳/54.8kg,27.78,44.44,54.8,-
2026-05-03,三国,第2R,5号艇,4711 / B1 前出 達吉 福井/石川 36歳/51.0kg,44.44,59.26,51.0,-
2026-05-03,三国,第3R,2号艇,5251 / B2 沼田 七華 福井/石川 23歳/52.5kg,38.24,55.88,52.5,-
2026-05-03,三国,第3R,4号艇,4469 / A2 土山 卓也 福井/福井 39歳/54.3kg,53.57,67.86,54.3,-
2026-05-03,三国,第3R,5号艇,4735 / B1 角山 雄哉 兵庫/兵庫 35歳/55.0kg,29.17,45.83,55.0,-
2026-05-03,三国,第3R,3号艇,4520 / B1 高倉 孝太 福井/石川 39歳/50.5kg,24.24,51.52,50.5,-
2026-05-03,三国,第4R,3号艇,5114 / A2 小林 孝彰 福井/石川 26歳/52.4kg,28.13,40.63,52.4,-
2026-05-03,三国,第4R,1号艇,5185 / B1 加藤 優弥 福井/福井 26歳/53.1kg,25.71,45.71,53.1,-
2026-05-03,三国,第4R,2号艇,4470 / A1 平田 健之佑 三重/三重 39歳/52.5kg,26.92,46.15,52.5,-
2026-05-03,三国,第5R,4号艇,4666 / B2 日笠 勝弘 大阪/大阪 42歳/52.0kg,25.00,47.22,52.0,-
2026-05-03,三国,第5R,6号艇,5366 / B2 塩嶋 泰空 福井/石川 24歳/53.4kg,40.00,53.33,53.4,-
2026-05-03,三国,第5R,1号艇,3654 / A1 武田 光史 福井/福井 52歳/52.6kg,31.43,45.71,52.6,-
2026-05-03,三国,第6R,3号艇,4664 / B1 東口 晃 福井/石川 42歳/52.0kg,37.14,42.86,52.0,-
2026-05-03,三国,第6R,6号艇,4298 / A1 宮下 元胤 愛知/愛知 43歳/52.8kg,29.03,41.94,52.8,-
2026-05-03,三国,第6R,4号艇,5187 / B1 小坂 風太 福井/石川 25歳/56.4kg,39.29,53.57,56.4,-
2026-05-03,三国,第6R,2号艇,3439 / A2 大平 誉史明 大阪/大阪 56歳/51.5kg,21.88,34.38,51.5,-
2026-05-03,三国,第7R,5号艇,4711 / B1 前出 達吉 福井/石川 36歳/51.0kg,44.44,59.26,51.0,-
2026-05-03,三国,第7R,6号艇,3548 / A2 室田 泰史 福井/福井 56歳/52.3kg,41.67,62.50,52.3,-
2026-05-03,三国,第7R,1号艇,4735 / B1 角山 雄哉 兵庫/兵庫 35歳/55.0kg,29.17,45.83,55.0,-
2026-05-03,三国,第8R,6号艇,5091 / B1 為本 智也 福井/石川 25歳/52.3kg,22.86,40.00,52.3,-
2026-05-03,三国,第8R,3号艇,3370 / B1 坪内 実 大阪/大阪 59歳/52.9kg,36.11,44.44,52.9,-
2026-05-03,三国,第8R,4号艇,4587 / A2 木田 峰由季 福井/石川 35歳/53.4kg,28.00,48.00,53.4,-
2026-05-03,三国,第8R,2号艇,5114 / A2 小林 孝彰 福井/石川 26歳/52.4kg,28.13,40.63,52.4,-
2026-05-03,三国,第9R,4号艇,4061 / A1 萩原 秀人 福井/福井 46歳/52.0kg,50.00,66.67,52.0,-
2026-05-03,三国,第9R,1号艇,5251 / B2 沼田 七華 福井/石川 23歳/52.4kg,38.24,55.88,52.4,-
2026-05-03,三国,第9R,6号艇,3692 / A2 竹腰 正樹 福井/石川 55歳/52.0kg,23.53,47.06,52.0,-
2026-05-03,三国,第9R,3号艇,4365 / B1 盛本 真輔 兵庫/兵庫 40歳/52.0kg,25.93,51.85,52.0,-
2026-05-03,三国,第10R,4号艇,4298 / A1 宮下 元胤 愛知/愛知 43歳/52.8kg,29.03,41.94,52.8,-
2026-05-03,三国,第10R,6号艇,4391 / A1 松田 祐季 福井/福井 40歳/52.0kg,46.43,75.00,52.0,-
2026-05-03,三国,第10R,2号艇,4930 / A2 佐藤 悠 福井/石川 30歳/52.7kg,33.33,46.67,52.7,-
2026-05-03,三国,第10R,3号艇,5038 / A2 金田 智博 福井/石川 28歳/52.0kg,32.35,50.00,52.0,-
2026-05-03,三国,第11R,3号艇,3548 / A2 室田 泰史 福井/福井 56歳/52.3kg,41.67,62.50,52.3,-
2026-05-03,三国,第11R,6号艇,4013 / A1 中島 孝平 福井/福井 46歳/52.0kg,33.33,45.45,52.0,-
2026-05-03,三国,第11R,4号艇,4692 / B1 酒井 俊弘 福井/福井 42歳/52.0kg,33.33,41.67,52.0,-
2026-05-03,三国,第11R,1号艇,3620 / B1 信濃 由行 福井/石川 52歳/54.3kg,44.12,55.88,54.3,-
2026-05-03,三国,第11R,2号艇,4469 / A2 土山 卓也 福井/福井 39歳/54.3kg,53.57,67.86,54.3,-
2026-05-03,三国,第12R,2号艇,4210 / A2 松村 康太 福井/福井 43歳/52.0kg,29.41,50.00,52.0,-
2026-05-03,三国,第12R,1号艇,4520 / B1 高倉 孝太 福井/石川 39歳/50.5kg,39.39,48.48,50.5,-
2026-05-03,三国,第12R,4号艇,5185 / B1 加藤 優弥 福井/福井 26歳/53.1kg,25.71,45.71,53.1,-
2026-05-03,児島,第1R,3号艇,3357 / B1 福島 陽子 岡山/岡山 57歳/48.0kg,36.04,49.55,48.0,-
2026-05-03,児島,第1R,1号艇,5206 / B1 梅原 祥平 岡山/鳥取 28歳/52.0kg,37.04,60.19,52.0,-
2026-05-03,児島,第1R,2号艇,5374 / B1 木山 大聖 岡山/岡山 23歳/50.5kg,33.33,47.62,50.5,-
2026-05-03,児島,第1R,6号艇,4054 / B1 福嶋 智之 岡山/岡山 48歳/53.0kg,37.74,50.94,53.0,-
2026-05-03,児島,第2R,3号艇,4635 / B1 峰重 力也 岡山/岡山 36歳/52.1kg,41.12,66.36,52.1,-
2026-05-03,児島,第2R,4号艇,3746 / A2 岡瀬 正人 岡山/岡山 51歳/52.0kg,30.19,46.23,52.0,-
2026-05-03,児島,第2R,6号艇,3663 / A2 木山 和幸 広島/広島 56歳/51.0kg,33.01,49.51,51.0,-
2026-05-03,児島,第3R,3号艇,5111 / B2 三村 岳人 岡山/岡山 26歳/51.0kg,36.70,54.13,51.0,-
2026-05-03,児島,第3R,5号艇,4277 / B1 金田 大輔 岡山/岡山 42歳/51.0kg,30.10,47.57,51.0,-
2026-05-03,児島,第3R,2号艇,3933 / B1 山地 正樹 岡山/岡山 49歳/52.0kg,32.11,49.54,52.0,-
2026-05-03,児島,第3R,1号艇,5189 / A2 藤原 早菜 岡山/岡山 25歳/46.5kg,43.69,56.31,46.5,-
2026-05-03,児島,第4R,5号艇,5134 / B1 大原 祥昌 広島/広島 26歳/53.0kg,34.62,46.15,53.0,-
2026-05-03,児島,第4R,1号艇,5170 / B1 佐藤 太亮 岡山/岡山 25歳/52.0kg,35.85,49.06,52.0,-
2026-05-03,児島,第4R,2号艇,3908 / A1 重成 一人 香川/香川 47歳/56.3kg,32.71,49.53,56.3,-
2026-05-03,児島,第5R,4号艇,4672 / B1 守屋 大地 岡山/岡山 40歳/51.0kg,37.74,53.77,51.0,-
2026-05-03,児島,第5R,6号艇,4537 / A1 渡邉 和将 岡山/岡山 36歳/51.5kg,43.27,60.58,51.5,-
2026-05-03,児島,第5R,5号艇,3822 / A1 平尾 崇典 岡山/岡山 53歳/49.5kg,33.03,59.63,49.5,-
2026-05-03,児島,第6R,4号艇,4584 / A1 村岡 賢人 岡山/鳥取 36歳/52.4kg,33.33,53.15,52.4,-
2026-05-03,児島,第6R,6号艇,3982 / B1 福田 理 岡山/岡山 48歳/54.5kg,39.62,54.72,54.5,-
2026-05-03,児島,第6R,2号艇,3874 / A1 山本 寛久 岡山/岡山 49歳/52.1kg,31.68,46.53,52.1,-
2026-05-03,児島,第6R,1号艇,5374 / B1 木山 大聖 岡山/岡山 23歳/50.5kg,33.33,47.62,50.5,-
2026-05-03,児島,第7R,6号艇,4370 / A1 山口 達也 岡山/岡山 39歳/53.8kg,33.33,46.30,53.8,-
2026-05-03,児島,第7R,1号艇,4204 / B1 柴田 大輔 福岡/福岡 43歳/52.0kg,30.56,37.96,52.0,-
2026-05-03,児島,第8R,3号艇,4574 / B1 東 潤樹 広島/愛媛 37歳/52.9kg,38.18,56.36,52.9,-
2026-05-03,児島,第8R,1号艇,3357 / B1 福島 陽子 岡山/岡山 57歳/48.0kg,36.04,49.55,48.0,-
2026-05-03,児島,第8R,2号艇,4441 / A2 末永 由楽 岡山/岡山 39歳/52.6kg,31.73,44.23,52.6,-
2026-05-03,児島,第9R,2号艇,3908 / A1 重成 一人 香川/香川 47歳/56.3kg,32.71,49.53,56.3,-
2026-05-03,児島,第9R,4号艇,5111 / B2 三村 岳人 岡山/岡山 26歳/51.0kg,36.70,54.13,51.0,-
2026-05-03,児島,第9R,5号艇,3949 / B1 今出 晋二 岡山/岡山 50歳/56.3kg,35.45,55.45,56.3,-
2026-05-03,児島,第9R,3号艇,5373 / B2 諏訪 玲奈 岡山/岡山 23歳/47.3kg,37.96,53.70,47.3,-
2026-05-03,児島,第9R,6号艇,4089 / A2 妹尾 忠幸 岡山/岡山 45歳/54.2kg,38.68,48.11,54.2,-
2026-05-03,児島,第10R,4号艇,4537 / A1 渡邉 和将 岡山/岡山 36歳/51.5kg,43.27,60.58,51.5,-
2026-05-03,児島,第10R,2号艇,4853 / B2 前原 哉 岡山/岡山 31歳/45.5kg,34.26,52.78,45.5,-
2026-05-03,児島,第11R,6号艇,3300 / A1 川崎 智幸 岡山/岡山 59歳/52.6kg,40.82,59.18,52.6,-
2026-05-03,児島,第11R,1号艇,4584 / A1 村岡 賢人 岡山/鳥取 36歳/52.4kg,33.33,53.15,52.4,-
2026-05-03,児島,第12R,6号艇,3874 / A1 山本 寛久 岡山/岡山 49歳/52.1kg,31.68,46.53,52.1,-
2026-05-03,児島,第12R,1号艇,5189 / A2 藤原 早菜 岡山/岡山 25歳/46.5kg,43.69,56.31,46.5,-
2026-05-03,児島,第12R,4号艇,4762 / A1 藤原 啓史朗 岡山/岡山 36歳/50.0kg,33.96,49.06,50.0,-
2026-05-03,児島,第12R,2号艇,5170 / B1 佐藤 太亮 岡山/岡山 25歳/52.0kg,35.85,49.06,52.0,-
2026-05-03,福岡,第1R,5号艇,5284 / B2 嘉手苅 徹哉 福岡/沖縄 27歳/52.0kg,50.00,72.22,52.0,-
2026-05-03,福岡,第1R,2号艇,4957 / B1 竹之内 極 福岡/鹿児島 30歳/55.2kg,26.32,36.84,55.2,-
2026-05-03,福岡,第1R,6号艇,5018 / A1 竹下 大樹 福岡/福岡 27歳/53.0kg,50.00,70.00,53.0,-
2026-05-03,福岡,第2R,4号艇,5351 / B1 齊藤 廉 福岡/福岡 21歳/52.0kg,20.00,28.89,52.0,-
2026-05-03,福岡,第2R,2号艇,4773 / A2 中川 りな 福岡/福岡 32歳/50.0kg,43.90,60.98,50.0,-
2026-05-03,福岡,第2R,6号艇,4640 / A2 山ノ内 雅人 福岡/福岡 35歳/52.0kg,22.73,36.36,52.0,-
2026-05-03,福岡,第3R,1号艇,5338 / B1 香月 大輝 福岡/福岡 25歳/52.0kg,43.59,58.97,52.0,-
2026-05-03,福岡,第3R,3号艇,4958 / A2 溝口 海義也 福岡/福岡 30歳/55.1kg,38.46,58.97,55.1,-
2026-05-03,福岡,第4R,2号艇,5276 / B1 大島 隆乃介 福岡/福岡 24歳/52.0kg,13.51,32.43,52.0,-
2026-05-03,福岡,第4R,3号艇,5244 / B1 黒田 剛 福岡/福岡 25歳/52.0kg,39.47,55.26,52.0,-
2026-05-03,福岡,第4R,5号艇,4256 / A1 渡辺 浩司 福岡/大分 42歳/52.0kg,27.03,43.24,52.0,-
2026-05-03,福岡,第4R,6号艇,4079 / A2 出畑 孝典 福岡/福岡 47歳/52.0kg,8.57,14.29,52.0,-
2026-05-03,福岡,第5R,1号艇,5286 / B1 坂井 滉哉 福岡/福岡 26歳/51.0kg,47.06,55.88,51.0,-
2026-05-03,福岡,第5R,2号艇,5144 / B1 中尾 彩香 福岡/沖縄 24歳/47.1kg,22.22,33.33,47.1,-
2026-05-03,福岡,第5R,4号艇,4899 / B1 占部 一真 福岡/福岡 34歳/52.0kg,44.19,72.09,52.0,-
2026-05-03,福岡,第6R,6号艇,5277 / B1 井上 未都 福岡/福岡 23歳/46.5kg,30.95,47.62,46.5,-
2026-05-03,福岡,第6R,2号艇,5268 / B1 山本 幸也 福岡/福岡 25歳/55.0kg,38.46,56.41,55.0,-
2026-05-03,福岡,第6R,1号艇,5438 / B2 星田 夢結 福岡/福岡 20歳/49.6kg,48.72,58.97,49.6,-
2026-05-03,福岡,第7R,1号艇,5308 / B1 藤森 拓海 福岡/福岡 21歳/53.7kg,36.73,51.02,53.7,-
2026-05-03,福岡,第7R,2号艇,5192 / A2 中尾 優香 福岡/沖縄 24歳/47.7kg,22.86,40.00,47.7,-
2026-05-03,福岡,第7R,4号艇,4640 / A2 山ノ内 雅人 福岡/福岡 35歳/52.0kg,22.73,36.36,52.0,-
2026-05-03,福岡,第7R,6号艇,4236 / A1 松村 敏 福岡/熊本 42歳/52.5kg,31.71,48.78,52.5,-
2026-05-03,福岡,第8R,3号艇,5258 / B1 仲本 舜 福岡/沖縄 20歳/52.6kg,39.22,50.98,52.6,-
2026-05-03,福岡,第8R,1号艇,4892 / B1 柴田 直哉 福岡/福岡 35歳/52.0kg,15.63,18.75,52.0,-
2026-05-03,福岡,第8R,5号艇,4079 / A2 出畑 孝典 福岡/福岡 47歳/52.0kg,8.57,14.29,52.0,-
2026-05-03,福岡,第8R,2号艇,5198 / B1 奥村 明日香 福岡/福岡 24歳/43.5kg,27.78,33.33,43.5,-
2026-05-03,福岡,第9R,5号艇,4885 / B2 大山 千広 福岡/福岡 30歳/47.3kg,24.32,48.65,47.3,-
2026-05-03,福岡,第9R,1号艇,4957 / B1 竹之内 極 福岡/鹿児島 30歳/55.2kg,26.32,36.84,55.2,-
2026-05-03,福岡,第9R,2号艇,4023 / B1 柴田 友和 福岡/福岡 48歳/52.0kg,28.95,39.47,52.0,-
2026-05-03,福岡,第10R,4号艇,4679 / A1 植田 太一 福岡/福岡 36歳/55.8kg,40.00,57.50,55.8,-
2026-05-03,福岡,第10R,6号艇,4256 / A1 渡辺 浩司 福岡/大分 42歳/52.0kg,27.03,43.24,52.0,-
2026-05-03,福岡,第10R,2号艇,4555 / A2 富永 大一 福岡/福岡 36歳/52.1kg,45.95,54.05,52.1,-
2026-05-03,福岡,第10R,1号艇,4684 / A2 楠原 翔太 福岡/福岡 35歳/52.0kg,30.00,35.00,52.0,-
2026-05-03,福岡,第11R,3号艇,5018 / A1 竹下 大樹 福岡/福岡 27歳/53.0kg,50.00,70.00,53.0,-
2026-05-03,福岡,第11R,1号艇,4958 / A2 溝口 海義也 福岡/福岡 30歳/55.1kg,38.46,58.97,55.1,-
2026-05-03,福岡,第11R,2号艇,4234 / B1 野相 弘司 福岡/福岡 42歳/55.4kg,21.95,39.02,55.4,-
2026-05-03,福岡,第11R,4号艇,4424 / A2 松尾 昂明 福岡/福岡 40歳/52.0kg,39.02,56.10,52.0,-
2026-05-03,福岡,第12R,1号艇,4236 / A1 松村 敏 福岡/熊本 42歳/52.3kg,31.71,48.78,52.3,-
2026-05-03,福岡,第12R,3号艇,5274 / B1 城間 盛渚 福岡/沖縄 24歳/51.5kg,41.03,61.54,51.5,-
2026-05-03,唐津,第1R,2号艇,3784 / B1 中島 友和 佐賀/佐賀 49歳/52.8kg,27.78,50.00,52.8,-
2026-05-03,唐津,第1R,3号艇,4874 / B1 池田 奈津美 福岡/福岡 32歳/51.5kg,50.00,69.57,51.5,-
2026-05-03,唐津,第1R,4号艇,5412 / B2 久保田 凪紗 佐賀/福岡 20歳/44.0kg,19.44,55.56,44.0,-
2026-05-03,唐津,第1R,5号艇,3998 / B1 冨成 謙児 佐賀/佐賀 46歳/51.5kg,34.48,51.72,51.5,-
2026-05-03,唐津,第2R,5号艇,5121 / A1 定松 勇樹 佐賀/福岡 24歳/52.2kg,29.73,48.65,52.2,-
2026-05-03,唐津,第2R,2号艇,5214 / B1 田中 宏典 佐賀/福岡 26歳/52.9kg,55.26,65.79,52.9,-
2026-05-03,唐津,第2R,1号艇,5462 / B2 山浦 槙 佐賀/佐賀 19歳/48.0kg,38.24,70.59,48.0,-
2026-05-03,唐津,第3R,1号艇,4027 / B1 松江 秀徳 佐賀/佐賀 48歳/52.7kg,21.88,43.75,52.7,-
2026-05-03,唐津,第3R,6号艇,3459 / B1 中野 和裕 佐賀/佐賀 59歳/53.0kg,42.86,53.57,53.0,-
2026-05-03,唐津,第3R,5号艇,4500 / A1 山田 康二 佐賀/佐賀 38歳/53.8kg,25.93,44.44,53.8,-
2026-05-03,唐津,第3R,3号艇,4803 / B1 飯田 庄吾 福岡/福岡 32歳/54.2kg,40.48,57.14,54.2,-
2026-05-03,唐津,第3R,2号艇,5417 / B2 小柳 勝希 佐賀/佐賀 20歳/51.5kg,40.00,56.67,51.5,-
2026-05-03,唐津,第4R,4号艇,4320 / A1 峰 竜太 佐賀/佐賀 41歳/52.0kg,33.33,46.67,52.0,-
2026-05-03,唐津,第4R,2号艇,4395 / B1 下河 雅史 福岡/福岡 39歳/55.2kg,31.43,40.00,55.2,-
2026-05-03,唐津,第4R,1号艇,5270 / B1 小玉 啓太 佐賀/佐賀 25歳/53.0kg,25.81,35.48,53.0,-
2026-05-03,唐津,第5R,4号艇,4092 / B1 岡部 大輔 佐賀/佐賀 45歳/52.0kg,13.79,24.14,52.0,-
2026-05-03,唐津,第5R,3号艇,4196 / B1 田中 太一郎 佐賀/佐賀 44歳/52.2kg,38.89,50.00,52.2,-
2026-05-03,唐津,第5R,1号艇,3623 / A1 深川 真二 佐賀/佐賀 51歳/50.5kg,40.00,48.57,50.5,-
2026-05-03,唐津,第6R,3号艇,4515 / A2 藤田 浩人 佐賀/佐賀 39歳/52.1kg,22.22,44.44,52.1,-
2026-05-03,唐津,第6R,2号艇,4006 / B1 小野 勇作 佐賀/佐賀 47歳/49.5kg,24.32,43.24,49.5,-
2026-05-03,唐津,第6R,1号艇,4503 / A1 上野 真之介 佐賀/佐賀 38歳/52.0kg,43.24,62.16,52.0,-
2026-05-03,唐津,第6R,4号艇,5389 / B2 恵良 琴美 福岡/福岡 18歳/43.5kg,56.00,72.00,43.5,-
2026-05-03,唐津,第6R,6号艇,5214 / B1 田中 宏典 佐賀/福岡 26歳/52.9kg,55.26,65.79,52.9,-
2026-05-03,唐津,第7R,5号艇,4143 / B1 浦田 晃嗣 佐賀/佐賀 44歳/55.5kg,41.18,64.71,55.5,-
2026-05-03,唐津,第7R,6号艇,4947 / B1 間庭 菜摘 福岡/福岡 33歳/46.5kg,44.74,57.89,46.5,-
2026-05-03,唐津,第7R,2号艇,4445 / A1 宮地 元輝 佐賀/佐賀 39歳/53.2kg,31.43,45.71,53.2,-
2026-05-03,唐津,第7R,4号艇,5462 / B2 山浦 槙 佐賀/佐賀 19歳/48.0kg,38.24,70.59,48.0,-
2026-05-03,唐津,第8R,5号艇,5142 / A1 常住 蓮 佐賀/佐賀 25歳/51.0kg,31.43,54.29,51.0,-
2026-05-03,唐津,第8R,4号艇,3809 / B1 吉田 光 佐賀/佐賀 50歳/51.0kg,36.11,52.78,51.0,-
2026-05-03,唐津,第9R,2号艇,4969 / B1 町田 洸希 長崎/長崎 34歳/52.0kg,32.14,50.00,52.0,-
2026-05-03,唐津,第9R,1号艇,4320 / A1 峰 竜太 佐賀/佐賀 41歳/52.0kg,33.33,46.67,52.0,-
2026-05-03,唐津,第9R,6号艇,4874 / B1 池田 奈津美 福岡/福岡 32歳/51.5kg,50.00,69.57,51.5,-
2026-05-03,唐津,第10R,6号艇,5270 / B1 小玉 啓太 佐賀/佐賀 25歳/52.9kg,25.81,35.48,52.9,-
2026-05-03,唐津,第10R,4号艇,5084 / A1 末永 和也 佐賀/佐賀 27歳/52.1kg,35.14,48.65,52.1,-
2026-05-03,唐津,第10R,1号艇,5417 / B2 小柳 勝希 佐賀/佐賀 20歳/51.0kg,40.00,56.67,51.0,-
2026-05-03,唐津,第10R,3号艇,5121 / A1 定松 勇樹 佐賀/福岡 24歳/52.0kg,29.73,48.65,52.0,-
2026-05-03,唐津,第11R,3号艇,4624 / A1 高田 明 佐賀/佐賀 41歳/51.0kg,41.03,58.97,51.0,-
2026-05-03,唐津,第11R,1号艇,4503 / A1 上野 真之介 佐賀/佐賀 38歳/52.0kg,43.24,62.16,52.0,-
2026-05-03,唐津,第11R,4号艇,5240 / B1 高橋 龍治 福岡/福岡 25歳/54.6kg,46.15,65.38,54.6,-
2026-05-03,唐津,第11R,2号艇,4094 / B1 中島 真二 福岡/福岡 44歳/52.5kg,40.54,45.95,52.5,-
2026-05-03,唐津,第12R,4号艇,4395 / B1 下河 雅史 福岡/福岡 39歳/55.2kg,31.43,40.00,55.2,-
2026-05-03,唐津,第12R,2号艇,4734 / A1 安河内 将 佐賀/佐賀 36歳/52.0kg,44.83,58.62,52.0,-
2026-05-03,唐津,第12R,1号艇,4652 / A2 酒見 峻介 佐賀/兵庫 40歳/51.5kg,44.83,62.07,51.5,-
